AWS_DIRECTORY,DIRECTORY,TYPE,SOURCE_FILE,JSON_FILENAME,CONTENTS_DESCRIPTION_ESTIMATE,FIELDS_CSV
https://vtopendata-prd.s3.us-east-2.amazonaws.com/_Other/CAMA/sample-microsolve-sburl/res/,res,Residential,EXP_CATEG.CSV,EXP_CATEG_RES.json,Category dictionary and crosswalk by fac_id,"fac_id,lev_no,lev_name,lin_val"
https://vtopendata-prd.s3.us-east-2.amazonaws.com/_Other/CAMA/sample-microsolve-sburl/res/,res,Residential,EXP_COMPCLUD.CSV,EXP_COMPCLUD_RES.json,Comparables Set Include by parcel_id; mostly empty,"csetno,parcel_id,include"
https://vtopendata-prd.s3.us-east-2.amazonaws.com/_Other/CAMA/sample-microsolve-sburl/res/,res,Residential,EXP_COMPFACT.CSV,EXP_COMPFACT_RES.json,Comparables Weighting and Adjustments by fac_id,"csetno,fac_id,weight,adjustment,printseq,timestamp"
https://vtopendata-prd.s3.us-east-2.amazonaws.com/_Other/CAMA/sample-microsolve-sburl/res/,res,Residential,EXP_COMPSET.CSV,EXP_COMPSET_RES.json,Comparables Set Parameters,"csetno,cdesc,usesoldx,subjiscomp,indic2nd5c,nocomprep,location,sale_price,assessvalu,estmktvalu,adjsp1stc,madjsalep,meanwght,powerofdif,nooptimize,timestamp,identfy2,subjdesc"
https://vtopendata-prd.s3.us-east-2.amazonaws.com/_Other/CAMA/sample-microsolve-sburl/res/,res,Residential,EXP_COSTABLS.CSV,EXP_COSTABLS_RES.json,Cost Tables,"tablenum,pagenum,rownum,label,col01,col02,col03,col04,col05,col06,col07,col08,col09,col10,col11,col12,col13,col14,col15,col16,col17,col18,col19,col20,col21,col22,col23,col24,col25,col26,col27,col28,col29,col30,col31,col32,col33,col34,col35,col36,col37,col38,col39,col40,col41,col42,col43,col44,col45,col46,col47,col48,col49,col50,col51,col52,col53,col54,col55,col56,col57,col58,col59,col60,col61,col62,col63,col64,col65,col66,col67,col68,col69,col70,col71,col72,col73,col74,col75,col76,col77,col78,col79,col80,col81,col82,col83,col84,col85,col86,col87,col88,col89,col90,col91,col92,col93,col94,col95,col96,col97,col98,col99,timestamp"
https://vtopendata-prd.s3.us-east-2.amazonaws.com/_Other/CAMA/sample-microsolve-sburl/res/,res,Residential,EXP_COSTEQU.CSV,EXP_COSTEQU_RES.json,Cost Equations,"nline,order,cname,cequat,cresult,nprint,llookup,lchild,childgrp,lprint,childtab,group,ctable,cpage,crow,ccol,tr,cformat,cerrhand,lround,nrndamt,lrenum,templine,temporder"
https://vtopendata-prd.s3.us-east-2.amazonaws.com/_Other/CAMA/sample-microsolve-sburl/res/,res,Residential,EXP_COSTFACT.CSV,EXP_COSTFACT_RES.json,Cost Factors,"ctype,cfromtab,cfromfld,ctotab,ctofld,csetno,timestamp"
https://vtopendata-prd.s3.us-east-2.amazonaws.com/_Other/CAMA/sample-microsolve-sburl/res/,res,Residential,EXP_COSTSET.CSV,EXP_COSTSET_RES.json,Cost Engine Setup,"csetno,cdesc,skpprt,sale_price,assessvalu,estmktvalu,adjsp1stc,madjsalep,meanwght,powerofdif,nooptimize,timestamp"
https://vtopendata-prd.s3.us-east-2.amazonaws.com/_Other/CAMA/sample-microsolve-sburl/res/,res,Residential,EXP_CT_LIST.CSV,EXP_CT_LIST_RES.json,Cost Adjustments List,"tabnum,tabdesc,pagdesc,rowdesc,coldesc,pagefactor,colfactor,rowfactor,tablfactor"
https://vtopendata-prd.s3.us-east-2.amazonaws.com/_Other/CAMA/sample-microsolve-sburl/res/,res,Residential,EXP_DATADICT.CSV,EXP_DATADICT_RES.json,Data Dictionary With Table Listing,"selected,fac_id,clabel,field_name,field_type,field_len,field_dec,categ,max_value,min_value,table_id,cframe_nam,cpageid,lallow_del,ctext,cfacorder,spinerid,browfield,broworder,calc_field,head_width,rpt_sel,resrvd,apex,hh,inet"
,res,Residential,EXP_ERRPROC.CSV,,Error List,",prog,line,rec,fac_id,timestamp"
https://vtopendata-prd.s3.us-east-2.amazonaws.com/_Other/CAMA/sample-microsolve-sburl/res/,res,Residential,EXP_EXTWALL.CSV,EXP_EXTWALL_RES.json,Exterior Wall Details By parcel_id and section_id,"parcel_id,secid,extwallid,type,percent"
https://vtopendata-prd.s3.us-east-2.amazonaws.com/_Other/CAMA/sample-microsolve-sburl/res/,res,Residential,EXP_FACEQUIV.CSV,EXP_FACEQUIV_RES.json,Facilities Equivalents List,"fac_var,fac_id,lchild,newtabl"
https://vtopendata-prd.s3.us-east-2.amazonaws.com/_Other/CAMA/sample-microsolve-sburl/res/,res,Residential,EXP_FEATURES.CSV,EXP_FEATURES_RES.json,Features Index by parcel_id,"parcel_id,secid,featurid,type,name,quantity,grade,uom,rate"
https://vtopendata-prd.s3.us-east-2.amazonaws.com/_Other/CAMA/sample-microsolve-sburl/res/,res,Residential,EXP_FLOOR.CSV,EXP_FLOOR_RES.json,Floor Type and Percent by parcel_id,"parcel_id,secid,floorid,type,percent"
https://vtopendata-prd.s3.us-east-2.amazonaws.com/_Other/CAMA/sample-microsolve-sburl/res/,res,Residential,EXP_GARAGE.CSV,EXP_GARAGE_RES.json,Garage Type and Details by parcel_id,"parcel_id,secid,garageid,type,area,siding,finish,fin_sqft,floor,roof"
https://vtopendata-prd.s3.us-east-2.amazonaws.com/_Other/CAMA/sample-microsolve-sburl/res/,res,Residential,EXP_HEAT.CSV,EXP_HEAT_RES.json,Heating Type and Percent by parcel_id,"parcel_id,secid,heatid,type,percent"
https://vtopendata-prd.s3.us-east-2.amazonaws.com/_Other/CAMA/sample-microsolve-sburl/res/,res,Residential,EXP_IMPROVE.CSV,EXP_IMPROVE_RES.json,Improvements index by parcel_id,"type,units,rate,total,parcel_id,secid,improveid"
https://vtopendata-prd.s3.us-east-2.amazonaws.com/_Other/CAMA/sample-microsolve-sburl/res/,res,Residential,EXP_INSPECT.CSV,EXP_INSPECT_RES.json,Inspection details by parcel_id,"parcel_id,insp_id,insp_date,insp_by,reason,itype,istatus,iresult,ireason,iapptreq,iapptby,iapptdate,iappttime"
https://vtopendata-prd.s3.us-east-2.amazonaws.com/_Other/CAMA/sample-microsolve-sburl/res/,res,Residential,EXP_LAND.CSV,EXP_LAND_RES.json,Land details by parcel_id,"parcel_id,landid,type,uom,area,frontage,depth,rate,grade,calc_meth,land_tot,cu_value,land_value"
https://vtopendata-prd.s3.us-east-2.amazonaws.com/_Other/CAMA/sample-microsolve-sburl/res/,res,Residential,EXP_MAIN.CSV,EXP_MAIN_RES.json,Main property details by parcel_id,"parcel_id,owner_name,tax_map_nu,owner_nam2,owner_addr,city,state,zip_code,prop_locat,neighborho,sec_t,prop_type,assess_yea,misc_adjus,cama_dwell,cama_land,cama_outb,cama_sitei,cama_total,sale_price,sale_date,book,page,validity,two_acre_v,homestead,homestd_va,inspect_dt,re_inspect,ownership,current_st,p_misc9,factora,factorb,factorc,factord,factore,factorf,factorg,factorh,factori,factorj,cama_site2,fac_209,fac_210,fac_211,fac_212,fac_213,fac_214,fac_215,fac_216,fac_217,fac_218,fac_219,fac_220,fac_221,fac_222,fac_223,fac_224,fac_225,fac_226,fac_227,fac_228,fac_229,fac_230,fac_231,fac_232,fac_233,fac_234,fac_235,fac_236,fac_237,fac_238,proximity,owner_add2,prop_numb,selectvalu,lastupdate,ckoutdte,ckoutid,old_pid,street_num,parcstatus,parc_span,propaccess,accdate,accnote"
,res,Residential,EXP_MSAUDIT.CSV,,Microsolve administrative audit logfile,"cuserid,cprogname,cdbcname,cotherkey,cparcelid,clevel2id,clevel3id,ctableid,cfieldname,cfieldtype,timestamp,ctype,ladminseen"
,res,Residential,EXP_MSCONFIG.CSV,,Microsolve configuration details,"compsetp,bmpdirpath,bmpuselink,costbimpat,costinvali,costmaxcol,cvfelimina,cvfmaxfnln,cvfnofname,cvfnofruls,cvfnprefix,cvfserialn,cvfsubfrom,cvfsubto,cvftrim_s,novalcode0,parcfld_id,parcfldsid,parcfldadd,phototable,photofield,photoid,sketchtable,sketchfield,sketchid,remarktable,remarkfield,remarkid,timestamp,phototype,ctypecost,lmsaudit,adddel,fxddict,aadmin,camaapexjpgdir,apexuselink,apextxt,jpgsketchfield,jpgdirfield,estsales,spssdatadir,jpgtable,reptsel,extract,fxcompset,slshactv,histsvbut,idwidth,idused,slshloca,slsstat,chkinout,apexcd,newsket,wrnskarea,rtitle1,rtitle2,replist,custde,exphh,expin,photdefa,sketdte,apexvers,camaapexax_dir,ldispsect,lcostrmind,cvers_cama,cvers_cest,cvers_apex,nvers_cost,datasprto"
https://vtopendata-prd.s3.us-east-2.amazonaws.com/_Other/CAMA/sample-microsolve-sburl/res/,res,Residential,EXP_OUTBUILD.CSV,EXP_OUTBUILD_RES.json,Outbuilding details by parcel_id,"parcel_id,outbid,type,name,dimension1,dimension2,rate,total,siding,finish,grade,extras,class,quality,add_ob,cu_enroll,cu_value"
https://vtopendata-prd.s3.us-east-2.amazonaws.com/_Other/CAMA/sample-microsolve-sburl/res/,res,Residential,EXP_OYVAL.CSV,EXP_OYVAL_RES.json,Valuation details by parcel_id,"parcel_id,oyvalid,nperiod,cama_dwell,cama_land,cama_outb,cama_siteimp,cama_total,priorratio"
https://vtopendata-prd.s3.us-east-2.amazonaws.com/_Other/CAMA/sample-microsolve-sburl/res/,res,Residential,EXP_PHOTOS.CSV,EXP_PHOTOS_RES.json,Property photos index by parcel_id; located on inaccessible server,"parcel_id,photoid,desc"
https://vtopendata-prd.s3.us-east-2.amazonaws.com/_Other/CAMA/sample-microsolve-sburl/res/,res,Residential,EXP_PORCH.CSV,EXP_PORCH_RES.json,Porch details by parcel_id,"parcel_id,secid,porchid,area,floor,wall,roof,ceiling,exstr_sof,exstr_typ,exstr_flt,exstr_land"
https://vtopendata-prd.s3.us-east-2.amazonaws.com/_Other/CAMA/sample-microsolve-sburl/res/,res,Residential,EXP_REPLIST.CSV,EXP_REPLIST_RES.json,Report list and contents,"name,desc,procname,ornum,code,sketches,pictures,ptr_opts,duplex,pgspparc,detail23,compiled,allparcs,sprptloc"
https://vtopendata-prd.s3.us-east-2.amazonaws.com/_Other/CAMA/sample-microsolve-sburl/res/,res,Residential,EXP_ROOF.CSV,EXP_ROOF_RES.json,Roof details by parcel_id,"parcel_id,secid,roofid,type,percent,rf_total"
https://vtopendata-prd.s3.us-east-2.amazonaws.com/_Other/CAMA/sample-microsolve-sburl/res/,res,Residential,EXP_SECTION.CSV,EXP_SECTION_RES.json,Building section details by parcel_id,"secid,parcel_id,bldg_type,design,quality,style,stories,condition,no_of_unit,year_built,effect_age,bldg_sqft,wall_heigh,frame,subfloor,plaster_in,energy_adj,floor_insu,floor_ins,foundation,dormer_lin,dormer_roo,plumb_fixt,plumb_roug,total_room,bedrooms,full_baths,half_baths,kitchens,fireplaces,improv,imp_total,basemnt_wa,basemnt_fi,basemnt_sf,basemnt_ga,basemnt_sq,exstairsof,exstairtyp,exstairfli,landings_s,manuf_len,manuf_widt,skirting,skirting_l,tipouts_sf,complete_p,phys_depr,econ_depr,func_depr,life_expec,misc_adj,rcn,rcnld,cama_dwell,prop_dwell,prev_dwell,impr_total,gara_total,porc_total,outsd_entr,sketchbmp,tot_prch_v,fptype,sketdate,t40pageval,tgarfinsf,mh_regnum,mh_serial,mh_model,mh_manuf,cu_enroll,cu_value"
https://vtopendata-prd.s3.us-east-2.amazonaws.com/_Other/CAMA/sample-microsolve-sburl/res/,res,Residential,EXP_SITEIMP.CSV,EXP_SITEIMP_RES.json,Site Improvements details by parcel_id,"parcel_id,siteimpid,type,quantity,quality,rate,total,add_si,si_name,cu_enroll,cu_value"
https://vtopendata-prd.s3.us-east-2.amazonaws.com/_Other/CAMA/sample-microsolve-sburl/res/,res,Residential,EXP_TRANHIST.CSV,EXP_TRANHIST_RES.json,Property transfer history by parcel_id,"parcel_id,tran_id,sale_date,sale_price,grantor,grantee,validity,book,page"
https://vtopendata-prd.s3.us-east-2.amazonaws.com/_Other/CAMA/sample-microsolve-sburl/res/,res,Residential,EXP_UTILS.CSV,EXP_UTILS_RES.json,Utilities details; mostly emtpty,"user_name,note"
https://vtopendata-prd.s3.us-east-2.amazonaws.com/_Other/CAMA/sample-microsolve-sburl/comm/,comm,Commercial,EXP_ADDITION.CSV,EXP_ADDITION_COMM.json,Addition details by parcel_id,"parcel_id,section_id,add_id,add_rpt_hd,add_units,add_cost,add_depr,add_lmult,add_bas_dt,desc"
https://vtopendata-prd.s3.us-east-2.amazonaws.com/_Other/CAMA/sample-microsolve-sburl/comm/,comm,Commercial,EXP_BSMTCOMP.CSV,EXP_BSMTCOMP_COMM.json,Basement details by parcel_id; includes basement unit count,"parcel_id,section_id,bcm_id,bcm_code,bcm_perc,bcm_units,bcm_rank,bcm_ot_uom,bcm_ot_unt,bcm_depr"
https://vtopendata-prd.s3.us-east-2.amazonaws.com/_Other/CAMA/sample-microsolve-sburl/comm/,comm,Commercial,EXP_BSMTOCCU.CSV,EXP_BSMTOCCU_COMM.json,Basement occupancy details by parcel_id,"parcel_id,section_id,boc_id,boc_code,boc_class,boc_btype,boc_area,boc_depth,boc_rank,boc_depr"
https://vtopendata-prd.s3.us-east-2.amazonaws.com/_Other/CAMA/sample-microsolve-sburl/comm/,comm,Commercial,EXP_CATEG.CSV,EXP_CATEG_COMM.json,Category dictionary and crosswalk by fac_id,"fac_id,lev_no,lev_name,lin_val"
https://vtopendata-prd.s3.us-east-2.amazonaws.com/_Other/CAMA/sample-microsolve-sburl/comm/,comm,Commercial,EXP_COMPCLUD.CSV,EXP_COMPCLUD_COMM.json,Comparables Set Include by parcel_id; mostly empty,"csetno,parcel_id,include"
https://vtopendata-prd.s3.us-east-2.amazonaws.com/_Other/CAMA/sample-microsolve-sburl/comm/,comm,Commercial,EXP_COMPFACT.CSV,EXP_COMPFACT_COMM.json,Comparables Weighting and Adjustments by fac_id,"csetno,fac_id,weight,adjustment,printseq,timestamp"
https://vtopendata-prd.s3.us-east-2.amazonaws.com/_Other/CAMA/sample-microsolve-sburl/comm/,comm,Commercial,EXP_COMPONNT.CSV,EXP_COMPONNT_COMM.json,Comparables details by parcel_id,"parcel_id,section_id,com_id,com_code,com_perc,com_units,com_rank,com_ot_uom,com_ot_unt,com_depr"
https://vtopendata-prd.s3.us-east-2.amazonaws.com/_Other/CAMA/sample-microsolve-sburl/comm/,comm,Commercial,EXP_COMPSET.CSV,EXP_COMPSET_COMM.json,Comparables Set Parameters,"csetno,cdesc,usesoldx,subjiscomp,indic2nd5c,nocomprep,location,sale_price,assessvalu,estmktvalu,adjsp1stc,madjsalep,meanwght,powerofdif,nooptimize,timestamp,identfy2,subjdesc"
https://vtopendata-prd.s3.us-east-2.amazonaws.com/_Other/CAMA/sample-microsolve-sburl/comm/,comm,Commercial,EXP_COSTABLS.CSV,EXP_COSTABLS_COMM.json,Cost Tables,"tablenum,pagenum,rownum,label,col01,col02,col03,col04,col05,col06,col07,col08,col09,col10,col11,col12,col13,col14,col15,col16,col17,col18,col19,col20,col21,col22,col23,col24,col25,col26,col27,col28,col29,col30,col31,col32,col33,col34,col35,col36,col37,col38,col39,col40,col41,col42,col43,col44,col45,col46,col47,col48,col49,col50,col51,col52,col53,col54,col55,col56,col57,col58,col59,col60,col61,col62,col63,col64,col65,col66,col67,col68,col69,col70,col71,col72,col73,col74,col75,col76,col77,col78,col79,col80,col81,col82,col83,col84,col85,col86,col87,col88,col89,col90,col91,col92,col93,col94,col95,col96,col97,col98,col99,timestamp"
https://vtopendata-prd.s3.us-east-2.amazonaws.com/_Other/CAMA/sample-microsolve-sburl/comm/,comm,Commercial,EXP_COSTEQU.CSV,EXP_COSTEQU_COMM.json,Cost Equations,"nline,order,cname,cresult,cequat,llookup,lchild,childgrp,lprint,childtab,group,ctable,cpage,crow,ccol,tr,cformat,cerrhand,lround,nrndamt,lrenum,templine,temporder,nprint"
https://vtopendata-prd.s3.us-east-2.amazonaws.com/_Other/CAMA/sample-microsolve-sburl/comm/,comm,Commercial,EXP_COSTFACT.CSV,EXP_COSTFACT_COMM.json,Cost Factors,"ctype,cfromtab,cfromfld,ctotab,ctofld,csetno,timestamp"
https://vtopendata-prd.s3.us-east-2.amazonaws.com/_Other/CAMA/sample-microsolve-sburl/comm/,comm,Commercial,EXP_COSTSET.CSV,EXP_COSTSET_COMM.json,Cost Engine Setup,"csetno,cdesc,skpprt,sale_price,assessvalu,estmktvalu,adjsp1stc,madjsalep,meanwght,powerofdif,nooptimize,timestamp"
https://vtopendata-prd.s3.us-east-2.amazonaws.com/_Other/CAMA/sample-microsolve-sburl/comm/,comm,Commercial,EXP_CT_LIST.CSV,EXP_CT_LIST_COMM.json,Cost Adjustments List,"tabnum,tabdesc,pagdesc,rowdesc,coldesc,pagefactor,colfactor,rowfactor,tablfactor"
https://vtopendata-prd.s3.us-east-2.amazonaws.com/_Other/CAMA/sample-microsolve-sburl/comm/,comm,Commercial,EXP_DATADICT.CSV,EXP_DATADICT_COMM.json,Data Dictionary With Table Listing,"selected,fac_id,clabel,field_name,field_type,field_len,field_dec,categ,max_value,min_value,table_id,cframe_nam,cpageid,lallow_del,ctext,cfacorder,spinerid,browfield,broworder,calc_field,head_width,head_widt2,rpt_sel,head_widt3,resrvd,apex,hh,inet"
https://vtopendata-prd.s3.us-east-2.amazonaws.com/_Other/CAMA/sample-microsolve-sburl/comm/,comm,Commercial,EXP_ERRPROC.CSV,EXP_ERRPROC_COMM.json,Error List,",prog,line,rec,fac_id,timestamp"
https://vtopendata-prd.s3.us-east-2.amazonaws.com/_Other/CAMA/sample-microsolve-sburl/comm/,comm,Commercial,EXP_EXT_WALL.CSV,EXP_EXT_WALL_COMM.json,Exterior Wall Details By parcel_id and section_id,"parcel_id,section_id,exw_id,exw_code,exw_perc,exw_units,exw_rank,exw_ot_uom,exw_ot_unt,exw_depr"
https://vtopendata-prd.s3.us-east-2.amazonaws.com/_Other/CAMA/sample-microsolve-sburl/comm/,comm,Commercial,EXP_FACEQUIV.CSV,EXP_FACEQUIV_COMM.json,Facilities Equivalents List,"fac_var,fac_id,lchild,newtabl"
https://vtopendata-prd.s3.us-east-2.amazonaws.com/_Other/CAMA/sample-microsolve-sburl/comm/,comm,Commercial,EXP_HEATCOOL.CSV,EXP_HEATCOOL_COMM.json,Heating and Cooling Details by parcel_id,"parcel_id,section_id,htc_id,htc_code,htc_perc,htc_units,htc_rank,htc_ot_uom,htc_ot_unt,htc_depr"
,comm,Commercial,EXP_IASETUP.CSV,,Microsolve configuration related,"ia_id,ia_setup,ia_xls"
,comm,Commercial,EXP_IASETUPD.CSV,,Microsolve report configuration related,"ia_id,ia_dfldname,ia_dtblid,ia_dclabel,ia_dsheet,ia_dxlsrow,ia_dxlscol,la_return"
https://vtopendata-prd.s3.us-east-2.amazonaws.com/_Other/CAMA/sample-microsolve-sburl/comm/,comm,Commercial,EXP_LAND.CSV,EXP_LAND_COMM.json,Land details by parcel_id,"parcel_id,lan_id,type,uom,area,frontage,depth,grade,rate,calc_meth,land_tot"
https://vtopendata-prd.s3.us-east-2.amazonaws.com/_Other/CAMA/sample-microsolve-sburl/comm/,comm,Commercial,EXP_MAIN.CSV,EXP_MAIN_COMM.json,Main property details by parcel_id,"parcel_id,owner_name,owner_addr,owner_city,owner_state,owner_zip,prop_addr,prop_city,prop_state,prop_zip,ovr_as_per,bld_as_per,lan_as_per,cama_imp,cama_land,cama_total,neighborho,sec_t,assess_yea,misc_adjus,sale_price,sale_date,prop_class,land_size,owner_nam2,owner_add2,tax_map_nu,prop_type,book,page,validity,two_acre_v,homestead,homestd_va,inspect_dt,re_inspect,ownership,current_st,p_misc9,proximity,suffix,ckoutdte,ckoutid,tax_load,cap_rate,total_inc,total_exp,cr_loss,parcstatus,parc_span,selectvalu,camatinc,cama_ratio,othervalue,otherratio"
,comm,Commercial,EXP_MSAUDIT.CSV,,Microsolve administrative audit logfile,"cuserid,cprogname,cdbcname,cotherkey,cparcelid,clevel2id,clevel3id,ctableid,cfieldname,cfieldtype,timestamp,ctype,ladminseen"
,comm,Commercial,EXP_MSCONFIG.CSV,,Microsolve configuration details,"compsetp,bmpdirpath,bmpuselink,costbimpat,costinvali,costmaxcol,cvfelimina,cvfmaxfnln,cvfnofname,cvfnofruls,cvfnprefix,cvfserialn,cvfsubfrom,cvfsubto,cvftrim_s,novalcode0,parcfld_id,parcfldsid,parcfldadd,phototable,photofield,photoid,sketchtable,sketchfield,sketchid,remarktable,remarkfield,remarkid,timestamp,phototype,ctypecost,lmsaudit,adddel,fxddict,aadmin,reptsel,extract,fxcompset,camaapexjpgdir,apexuselink,apextxt,jpgsketchfield,jpgdirfield,estsales,spssdatadir,jpgtable,slshactv,histsvbut,idwidth,idused,slshloca,slsstat,chkinout,apexcd,newsket,wrnskarea,rtitle1,rtitle2,replist,custde,exphh,expin,photdefa,sketdte,apexvers,ldispsect,lcostrmind,camaapexax_dir,cvers_cama,cvers_cest,cvers_apex,nvers_cost,datasprto"
https://vtopendata-prd.s3.us-east-2.amazonaws.com/_Other/CAMA/sample-microsolve-sburl/comm/,comm,Commercial,EXP_MSMSCTEQ.CSV,EXP_MSMSCTEQ_COMM.json,Microsolve code lookup file with unclear use,"fac_id,lev_no,ms_code"
https://vtopendata-prd.s3.us-east-2.amazonaws.com/_Other/CAMA/sample-microsolve-sburl/comm/,comm,Commercial,EXP_OCCUPNCY.CSV,EXP_OCCUPNCY_COMM.json,Occupancy by parcel_id,"parcel_id,section_id,occ_id,occ_code,occ_perc,occ_class,occ_rank,occ_sty_ht,occ_drate,inc_amdr,inc_growf,inc_agoff,inc_bgoff,inc_retail,inc_storg,inc_vaccl,inc_parkg,inc_toe,inc_noi,inc_pvnoi"
https://vtopendata-prd.s3.us-east-2.amazonaws.com/_Other/CAMA/sample-microsolve-sburl/comm/,comm,Commercial,EXP_PHOTOS.CSV,EXP_PHOTOS_COMM.json,Property photos index by parcel_id; located on inaccessible server,"parcel_id,photo_id,sketdate"
https://vtopendata-prd.s3.us-east-2.amazonaws.com/_Other/CAMA/sample-microsolve-sburl/comm/,comm,Commercial,EXP_REPLIST.CSV,EXP_REPLIST_COMM.json,Report list and contents,"name,desc,procname,ornum,code,sketches,pictures,ptr_opts,duplex,pgspparc,detail23,compiled,allparcs,sprptloc"
https://vtopendata-prd.s3.us-east-2.amazonaws.com/_Other/CAMA/sample-microsolve-sburl/comm/,comm,Commercial,EXP_SECTION.CSV,EXP_SECTION_COMM.json,Building section details by parcel_id,"parcel_id,section_id,tot_fl_ar,stor_sec,stor_bld,sec_peri,sec_shape,base_date,bd_adj,year_built,eff_age,ovrl_depr,phys_depr,func_depr,extl_depr,bsmt_lvls,bsmt_peri,bsmt_shape,fireproof,inc_sf,inc_rms,inc_units,rate_sf,rate_rm,rate_unit,t40pageval,tgarfinsf"
https://vtopendata-prd.s3.us-east-2.amazonaws.com/_Other/CAMA/sample-microsolve-sburl/comm/,comm,Commercial,EXP_SITEIMP.CSV,EXP_SITEIMP_COMM.json,Site Improvements details by parcel_id,"parcel_id,siteimpid,type,quantity,quality,rate,total,add_si,si_name"
https://vtopendata-prd.s3.us-east-2.amazonaws.com/_Other/CAMA/sample-microsolve-sburl/comm/,comm,Commercial,EXP_UTILS.CSV,EXP_UTILS_COMM.json,Utilities details; mostly emtpty,"user_name,note"
https://vtopendata-prd.s3.us-east-2.amazonaws.com/_Other/CAMA/sample-microsolve-sburl/condo/,condo,Condominium,EXP_AMENITY.CSV,EXP_AMENITY_CONDO.json,Amenity type by parcel_id,"parcel_id,secid,amenid,amentype"
https://vtopendata-prd.s3.us-east-2.amazonaws.com/_Other/CAMA/sample-microsolve-sburl/condo/,condo,Condominium,EXP_CATEG.CSV,EXP_CATEG_CONDO.json,Category dictionary and crosswalk by fac_id,"fac_id,lev_no,lev_name,lin_val"
https://vtopendata-prd.s3.us-east-2.amazonaws.com/_Other/CAMA/sample-microsolve-sburl/condo/,condo,Condominium,EXP_COMPFACT.CSV,EXP_COMPFACT_CONDO.json,Comparables Weighting and Adjustments by fac_id,"csetno,fac_id,weight,adjustment,printseq,timestamp"
https://vtopendata-prd.s3.us-east-2.amazonaws.com/_Other/CAMA/sample-microsolve-sburl/condo/,condo,Condominium,EXP_COMPSET.CSV,EXP_COMPSET_CONDO.json,Comparables Set Parameters,"csetno,cdesc,usesoldx,subjiscomp,indic2nd5c,nocomprep,location,sale_price,assessvalu,estmktvalu,adjsp1stc,madjsalep,meanwght,powerofdif,nooptimize,timestamp,identfy2,subjdesc"
https://vtopendata-prd.s3.us-east-2.amazonaws.com/_Other/CAMA/sample-microsolve-sburl/condo/,condo,Condominium,EXP_COSTABLS.CSV,EXP_COSTABLS_CONDO.json,Cost Tables,"tablenum,pagenum,rownum,label,col01,col02,col03,col04,col05,col06,col07,col08,col09,col10,col11,col12,col13,col14,col15,col16,col17,col18,col19,col20,col21,col22,col23,col24,col25,col26,col27,col28,col29,col30,col31,col32,col33,col34,col35,col36,col37,col38,col39,col40,col41,col42,col43,col44,col45,col46,col47,col48,col49,col50,col51,col52,col53,col54,col55,col56,col57,col58,col59,col60,col61,col62,col63,col64,col65,col66,col67,col68,col69,col70,col71,col72,col73,col74,col75,col76,col77,col78,col79,col80,col81,col82,col83,col84,col85,col86,col87,col88,col89,col90,col91,col92,col93,col94,col95,col96,col97,col98,col99,timestamp"
https://vtopendata-prd.s3.us-east-2.amazonaws.com/_Other/CAMA/sample-microsolve-sburl/condo/,condo,Condominium,EXP_COSTEQU.CSV,EXP_COSTEQU_CONDO.json,Cost Equations,"nline,order,cname,cequat,cresult,nprint,llookup,lchild,childgrp,lprint,childtab,group,ctable,cpage,crow,ccol,tr,cformat,cerrhand,lround,nrndamt,lrenum,templine,temporder"
https://vtopendata-prd.s3.us-east-2.amazonaws.com/_Other/CAMA/sample-microsolve-sburl/condo/,condo,Condominium,EXP_COSTFACT.CSV,EXP_COSTFACT_CONDO.json,Cost Factors,"ctype,cfromtab,cfromfld,ctotab,ctofld,csetno,timestamp"
https://vtopendata-prd.s3.us-east-2.amazonaws.com/_Other/CAMA/sample-microsolve-sburl/condo/,condo,Condominium,EXP_COSTSET.CSV,EXP_COSTSET_CONDO.json,Cost Engine Setup,"csetno,cdesc,skpprt,sale_price,assessvalu,estmktvalu,adjsp1stc,madjsalep,meanwght,powerofdif,nooptimize,timestamp"
https://vtopendata-prd.s3.us-east-2.amazonaws.com/_Other/CAMA/sample-microsolve-sburl/condo/,condo,Condominium,EXP_CT_LIST.CSV,EXP_CT_LIST_CONDO.json,Cost Adjustments List,"tabnum,tabdesc,pagdesc,rowdesc,coldesc,pagefactor,colfactor,rowfactor,tablfactor"
https://vtopendata-prd.s3.us-east-2.amazonaws.com/_Other/CAMA/sample-microsolve-sburl/condo/,condo,Condominium,EXP_DATADICT.CSV,EXP_DATADICT_CONDO.json,Data Dictionary With Table Listing,"selected,fac_id,clabel,field_name,field_type,field_len,field_dec,categ,max_value,min_value,table_id,cframe_nam,cpageid,lallow_del,ctext,cfacorder,spinerid,browfield,broworder,calc_field,head_width,head_widt2,rpt_sel,resrvd,apex,hh,inet"
,condo,Condominium,EXP_ERRPROC.CSV,,Error List,",prog,line,rec,fac_id,timestamp"
https://vtopendata-prd.s3.us-east-2.amazonaws.com/_Other/CAMA/sample-microsolve-sburl/condo/,condo,Condominium,EXP_FACEQUIV.CSV,EXP_FACEQUIV_CONDO.json,Facilities Equivalents List,"fac_var,fac_id,lchild,newtabl"
https://vtopendata-prd.s3.us-east-2.amazonaws.com/_Other/CAMA/sample-microsolve-sburl/condo/,condo,Condominium,EXP_GARAGE.CSV,EXP_GARAGE_CONDO.json,Garage Type and Details by parcel_id,"parcel_id,secid,garageid,type,area,siding,finish,fin_sqft,floor,roof"
https://vtopendata-prd.s3.us-east-2.amazonaws.com/_Other/CAMA/sample-microsolve-sburl/condo/,condo,Condominium,EXP_HEAT.CSV,EXP_HEAT_CONDO.json,Heating Type and Percent by parcel_id,"parcel_id,secid,heatid,type,percent"
https://vtopendata-prd.s3.us-east-2.amazonaws.com/_Other/CAMA/sample-microsolve-sburl/condo/,condo,Condominium,EXP_IMPROVE.CSV,EXP_IMPROVE_CONDO.json,Improvements index by parcel_id,"type,units,rate,total,parcel_id,secid,improveid"
https://vtopendata-prd.s3.us-east-2.amazonaws.com/_Other/CAMA/sample-microsolve-sburl/condo/,condo,Condominium,EXP_MAIN.CSV,EXP_MAIN_CONDO.json,Main property details by parcel_id,"parcel_id,owner_name,owner_nam2,owner_addr,city,state,zip_code,prop_locat,tax_map_nu,neighborho,sec_t,prop_type,assess_yea,misc_adjus,cama_dwell,cama_land,cama_outb,cama_sitei,cama_total,sale_price,sale_date,book,page,validity,two_acre_v,homestead,homestd_va,inspect_dt,re_inspect,ownership,current_st,p_misc9,factora,factorb,factorc,factord,factore,factorf,factorg,factorh,factori,factorj,cama_site2,fac_209,fac_210,fac_211,fac_212,fac_213,fac_214,fac_215,fac_216,fac_217,fac_218,fac_219,fac_220,fac_221,fac_222,fac_223,fac_224,fac_225,fac_226,fac_227,fac_228,fac_229,fac_230,fac_231,fac_232,fac_233,fac_234,fac_235,fac_236,fac_237,fac_238,proximity,owner_add2,prop_numb,selectvalu,lastupdate,ckoutdte,ckoutid,parcstatus,parc_span"
,condo,Condominium,EXP_MSAUDIT.CSV,,Microsolve administrative audit logfile,"cuserid,cprogname,cdbcname,cotherkey,cparcelid,clevel2id,clevel3id,ctableid,cfieldname,cfieldtype,timestamp,ctype,ladminseen"
,condo,Condominium,EXP_MSCONFIG.CSV,,Microsolve configuration details,"compsetp,bmpdirpath,bmpuselink,costbimpat,costinvali,costmaxcol,cvfelimina,cvfmaxfnln,cvfnofname,cvfnofruls,cvfnprefix,cvfserialn,cvfsubfrom,cvfsubto,cvftrim_s,novalcode0,parcfld_id,parcfldsid,parcfldadd,phototable,photofield,photoid,sketchtable,sketchfield,sketchid,remarktable,remarkfield,remarkid,timestamp,phototype,ctypecost,lmsaudit,adddel,fxddict,aadmin,reptsel,extract,fxcompset,camaapexjpgdir,apexuselink,apextxt,jpgsketchfield,jpgdirfield,estsales,spssdatadir,jpgtable,slshactv,histsvbut,idwidth,idused,slshloca,slsstat,chkinout,apexcd,newsket,rtitle1,rtitle2,replist,custde,exphh,expin,photdefa,sketdte,apexvers,ldispsect,lcostrmind,camaapexax_dir,cvers_cama,cvers_cest,cvers_apex,wrnskarea,nvers_cost,datasprto"
https://vtopendata-prd.s3.us-east-2.amazonaws.com/_Other/CAMA/sample-microsolve-sburl/condo/,condo,Condominium,EXP_OYVAL.CSV,EXP_OYVAL_CONDO.json,Valuation details by parcel_id,"parcel_id,oyvalid,nperiod,cama_dwell,cama_land,cama_outb,cama_siteimp,cama_total,priorratio"
https://vtopendata-prd.s3.us-east-2.amazonaws.com/_Other/CAMA/sample-microsolve-sburl/condo/,condo,Condominium,EXP_PHOTOS.CSV,EXP_PHOTOS_CONDO.json,Property photos index by parcel_id; located on inaccessible server,"parcel_id,photoid,desc"
https://vtopendata-prd.s3.us-east-2.amazonaws.com/_Other/CAMA/sample-microsolve-sburl/condo/,condo,Condominium,EXP_PORCH.CSV,EXP_PORCH_CONDO.json,Porch details by parcel_id,"parcel_id,secid,porchid,area,floor,wall,roof,ceiling,exstr_sof,exstr_typ,exstr_flt,exstr_land"
https://vtopendata-prd.s3.us-east-2.amazonaws.com/_Other/CAMA/sample-microsolve-sburl/condo/,condo,Condominium,EXP_REPLIST.CSV,EXP_REPLIST_CONDO.json,Report list and contents,"name,desc,procname,ornum,code,sketches,pictures,ptr_opts,duplex,pgspparc,detail23,compiled,allparcs,sprptloc"
https://vtopendata-prd.s3.us-east-2.amazonaws.com/_Other/CAMA/sample-microsolve-sburl/condo/,condo,Condominium,EXP_SECTION.CSV,EXP_SECTION_CONDO.json,Building section details by parcel_id,"secid,parcel_id,bldg_type,design,quality,style,stories,condition,no_of_unit,year_built,effect_age,bldg_sqft,wall_heigh,frame,subfloor,plaster_in,energy_adj,floor_insu,floor_ins,foundation,dormer_lin,dormer_roo,plumb_fixt,plumb_roug,total_room,bedrooms,full_baths,half_baths,kitchens,fireplaces,improv,imp_total,basemnt_wa,basemnt_fi,basemnt_sf,basemnt_ga,basemnt_sq,exstairsof,exstairtyp,exstairfli,landings_s,manuf_len,manuf_widt,skirting,skirting_l,tipouts_sf,complete_p,phys_depr,econ_depr,func_depr,life_expec,misc_adj,rcn,rcnld,cama_dwell,prop_dwell,prev_dwell,impr_total,gara_total,porc_total,outsd_entr,sketchbmp,tot_prch_v,fptype,sketdate,t40pageval,tgarfinsf"
https://vtopendata-prd.s3.us-east-2.amazonaws.com/_Other/CAMA/sample-microsolve-sburl/condo/,condo,Condominium,EXP_UTILS.CSV,EXP_UTILS_CONDO.json,Utilities details; mostly emtpty,"user_name,note"
https://vtopendata-prd.s3.us-east-2.amazonaws.com/_Other/CAMA/,CAMA,Lookup,,vt_tax_property_class_codes.json,Tax Department Property Class Codes Lookup,
https://vtopendata-prd.s3.us-east-2.amazonaws.com/_Other/CAMA/sample-microsolve-sburl/,sample-microsolve-sburl,Lookup,,EXP_LOOKUP.json,NEMRC Property Details Lookup,
,,,,,,
,,,,,,
