TAXYEAR,SCHCODE,TIFID,TZONE,SPAN,SUBSPAN,PARCID,PACTIVE,TCOMM,OWNER1,DESCPROP,LOCAPROP,CATCODE,HSDECL,ACRES,OBACRE,CVHS,CVNR,BVHS,BVNR,INCHS,INCNR,MUNCV,MUNBV,MUNINC,P_BUILDIN2,P_EQPM2,P_INV2,P_LANDUSE2,P_RLANDUSE2,p_minv2 ,p_meqpm2 
2026,185,1,1,588-185-13193,,13193,2,Inactive parcel.,KILLINGTON / PICO RESORT PARTNERS LLC,GOLF COURSE,,15,N,26.2,0,0,976000,0,0,0,0,976000,0,0,,,,,,,
2026,185,1,1,588-185-13195,,13195,2,Inactive parcel.,KILLINGTON / PICO RESORT PARTNERS LLC,GOLF COURSE PARCEL,,15,N,1.5,0,0,60000,0,0,0,0,60000,0,0,,,,,,,
2026,185,1,1,588-185-11379,,11379,2,Inactive parcel.,KILLINGTON / PICO RESORT PARTNERS LLC,PART OF GOLF COURSE,,15,N,1.33,0,0,53200,0,0,0,0,53200,0,0,,,,,,,
2026,185,1,1,588-185-13197,,13197,2,Inactive parcel.,KILLINGTON / PICO RESORT PARTNERS LLC,PART OF GOLF COURSE,,15,N,1.2,0,0,48000,0,0,0,0,48000,0,0,,,,,,,
2026,185,1,1,588-185-13198,,13198,2,Inactive parcel.,KILLINGTON / PICO RESORT PARTNERS LLC,PART OF GOLF COURSE,,15,N,2.9,0,0,116000,0,0,0,0,116000,0,0,,,,,,,
2026,185,1,1,588-185-13199,,13199,2,Inactive parcel.,KILLINGTON / PICO RESORT PARTNERS LLC,PART OF GOLF COURSE,,15,N,6.9,0,0,276000,0,0,0,0,276000,0,0,,,,,,,
2026,185,1,1,588-185-13210,,13210,2,Inactive parcel.,KILLINGTON / PICO RESORT PARTNERS LLC,LAND ABUTTING GOLF COURSE,KILLINGTON ROAD,14,N,28.98,0,0,2608200,0,0,0,0,2608200,0,0,,,,,,,
2026,185,1,1,588-185-13630,,13630,2,Inactive parcel.,GG KILLINGTON LP,PART OF VILLAGE PLAN,VALE ROAD,7,N,6.97,0,0,4345400,0,0,0,0,4345400,0,0,,,,,,,
2026,185,1,1,588-185-13629,,13629,2,Inactive parcel.,GG KILLINGTON LP,ADDED TO SNOWDON GLADES,VALE ROAD,7,N,2.45,0,0,52500,0,0,0,0,52500,0,0,,,,,,,
2026,185,1,1,588-185-13488,,13488,2,Inactive parcel.,GG KILLINGTON LP,PART OF VILLAGE PLAN,EAST MOUNTAIN ROAD,15,N,2.93,0,0,0,0,0,0,0,0,0,0,,,,,,,
2026,185,1,1,588-185-13627,,13627,2,Inactive parcel.,GG KILLINGTON LP,PART OF VILLAGE PLAN,EAST MOUNTAIN ROAD,7,N,5.34,0,0,463200,0,0,0,0,463200,0,0,,,,,,,
2026,185,1,1,588-185-13628,,13628,2,Inactive parcel.,GG KILLINGTON LP,PART OF VILLAGE PLAN,EAST MOUNTAIN ROAD,7,N,1.24,0,0,258600,0,0,0,0,258600,0,0,,,,,,,
2026,185,1,1,588-185-13635,,13635,2,Inactive parcel.,GG KILLINGTON LP,PART OF VILLAGE PLAN,KILLINGTON ROAD,7,N,2.71,0,0,78600,0,0,0,0,78600,0,0,,,,,,,
2026,185,1,1,588-185-13638,,13638,2,Inactive parcel.,GG KILLINGTON LP,PART OF VILLAGE PLAN,KILLINGTON ROAD,7,N,1.41,0,0,0,0,0,0,0,0,0,0,,,,,,,
2026,185,1,1,588-185-13637,,13637,2,Inactive parcel.,GG KILLINGTON LP,PART OF VILLAGE PLAN,KILLINGTON ROAD,7,N,23.78,0,0,19430300,0,0,0,0,19430300,0,0,,,,,,,
2026,185,1,1,588-185-13634,,13634,2,Inactive parcel.,GG KILLINGTON LP,PART OF VILLAGE PLAN,EAST MOUNTAIN ROAD,7,N,1.5,0,0,488500,0,0,0,0,488500,0,0,,,,,,,
2026,185,1,1,588-185-13196,,13196,2,Inactive parcel.,KILLINGTON / PICO RESORT PARTNERS LLC,PART OF GOLF COURSE,,15,N,1.1,0,0,125600,0,0,0,0,125600,0,0,,,,,,,
2026,185,1,1,588-185-13955,,13955,2,Inactive parcel.,GG KILLINGTON LP,BUILDING LOTS,KILLINGTON ROAD,15,N,17.5,0,0,1000000,0,0,0,0,1000000,0,0,,,,,,,
2026,185,1,1,588-185-13922,,13922,2,Inactive parcel.,GG KILLINGTON LP,BUILDING LOT,KILLINGTON ROAD,15,N,0.45,0,0,520000,0,0,0,0,520000,0,0,,,,,,,
2026,185,1,1,588-185-13334,,13334,2,Inactive parcel.,KILLINGTON / PICO RESORT PARTNERS LLC,LANDS W/ GMP SUBSTATION,,14,N,8.39,0,0,811000,0,0,0,0,811000,0,0,,,,,,,
2026,185,1,1,588-185-11375,,11375,1,,CANNON PROPERTY II LLC,Nightclub,2229 KILLINGTON ROAD,7,N,1.46,1.46,0,952700,0,423995,0,528705,952700,423995,528705,,,,,,,
2026,185,1,1,588-185-13091,,13091,1,,GG KILLINGTON LP,PART OF VILLAGE PLAN,EAST MOUNTAIN ROAD,14,N,42.05,42.05,0,705000,0,80700,0,624300,705000,80700,624300,,,,,,,
2026,185,1,1,588-185-13487,,13487,1,,GG KILLINGTON LP,PART OF VILLAGE PLAN,EAST MOUNTAIN ROAD,7,N,13.92,13.92,0,6078000,0,631400,0,5446600,6078000,631400,5446600,,,,,,,
2026,185,1,1,588-185-13490,,13490,1,,GG KILLINGTON LP,PART OF VILLAGE PLAN,KILLINGTON ROAD,15,N,44.69,44.69,0,4022100,0,1040670,0,2981430,4022100,1040670,2981430,,,,,,,
2026,185,1,1,588-185-13492,,13492,1,,GG KILLINGTON LP,PART OF VILLAGE PLAN,VALE ROAD,15,N,60.38,60.38,0,5670400,0,3026320,0,2644080,5670400,3026320,2644080,,,,,,,
2026,185,1,1,588-185-13494,,13494,1,,GG KILLINGTON LP,PART OF VILLAGE PLAN,KILLINGTON ROAD,15,N,66.2,66.2,0,5760000,0,2196920,0,3563080,5760000,2196920,3563080,,,,,,,
2026,185,1,1,588-185-13632,,13632,1,,GG KILLINGTON LP,PART OF VILLAGE PLAN,EAST MOUNTAIN ROAD,7,N,37.17,37.17,0,628800,0,287020,0,341780,628800,287020,341780,,,,,,,
2026,185,1,1,588-185-13633,,13633,1,,GG KILLINGTON LP,PART OF VILLAGE PLAN,VALE ROAD,7,N,13.24,13.24,0,2900700,0,787500,0,2113200,2900700,787500,2113200,,,,,,,
2026,185,1,1,588-185-13636,,13636,1,,GG KILLINGTON LP,PART OF VILLAGE PLAN,KILLINGTON ROAD,7,N,41.44,41.44,0,8027200,0,2605880,0,5421320,8027200,2605880,5421320,,,,,,,
2026,185,1,1,588-185-11876,,11876,1,,KILLINGTON-PICO SKI RESORT PARTNERS LLC,GOLF MASTER PARCEL /FORMER 400 AC PUD,EAST MOUNTAIN ROAD,7,N,254.37,254.37,0,5557300,0,1448640,0,4108660,5557300,1448640,4108660,,,,,,,
2026,185,1,1,588-185-13914,,13914,1,,TIF DISTRICT HIGHWAY RIGHT OF WAY,TIF DISTRICT ROAD ROW'S,KILLINGTON ROAD,7,N,12.4,12.4,0,0,0,0,0,0,0,0,0,,,,,,,
